[{"model": "collaborator.hobby", "pk": 1, "fields": {"name": "ski sur gazon"}}, {"model": "collaborator.hobby", "pk": 2, "fields": {"name": "collection d'ailes d'insectes"}}, {"model": "collaborator.hobby", "pk": 3, "fields": {"name": "surf sur lave"}}, {"model": "collaborator.hobby", "pk": 4, "fields": {"name": "dépistage d'écureuils"}}, {"model": "collaborator.value", "pk": 1, "fields": {"name": "courage", "level": 0.0}}, {"model": "collaborator.value", "pk": 2, "fields": {"name": "gentillesse extrême", "level": 0.0}}, {"model": "collaborator.value", "pk": 3, "fields": {"name": "débilité profonde", "level": 0.0}}, {"model": "collaborator.category", "pk": 1, "fields": {"name": "innovation"}}, {"model": "collaborator.category", "pk": 2, "fields": {"name": "qualité de vie"}}, {"model": "collaborator.category", "pk": 3, "fields": {"name": "sociétal"}}, {"model": "collaborator.category", "pk": 4, "fields": {"name": "opérationnel"}}, {"model": "collaborator.conceptcategory", "pk": 1, "fields": {"name": "cognition"}}, {"model": "collaborator.conceptcategory", "pk": 2, "fields": {"name": "émotions"}}, {"model": "collaborator.conceptcategory", "pk": 3, "fields": {"name": "social"}}, {"model": "collaborator.concept", "pk": 1, "fields": {"name": "rendre heureux", "description": "Comment rendre heureux vos collaborateurs et vos amis", "proxim_concepts": [2, 4, 5, 6], "categories": [1, 3]}}, {"model": "collaborator.concept", "pk": 2, "fields": {"name": "être heureux", "description": "Comment tirer le plus de profits de votre travail pour devenir heureux tout en rapportant un tas d'argent à votre entreprise", "proxim_concepts": [3], "categories": [1, 2]}}, {"model": "collaborator.concept", "pk": 3, "fields": {"name": "rigoler", "description": "Savez-vous rire correctement? Passez notre test pour savoir si votre rire est validé par le Conseil International des Grosses Poilades", "proxim_concepts": [], "categories": [2]}}, {"model": "collaborator.concept", "pk": 4, "fields": {"name": "faire trébucher les autres", "description": "Rendre vos collaborateurs heureux, c'est sympa, mais plomber le moral des employés de vos concurrents, c'est encore plus génial! Suivez notre formation pour pouvoir diminuer le plus possible la productivité de vos concurrents en utilisant simplement des astuces psychologiques rigolotes", "proxim_concepts": [], "categories": [3]}}, {"model": "collaborator.concept", "pk": 5, "fields": {"name": "des étoiles dans les yeux", "description": "Vous savez rendre vos collaborateurs heureux? Apprenez aussi à rendre heureux d'avance les personnes que vous souhaitez recruter", "proxim_concepts": [], "categories": [2, 3]}}, {"model": "collaborator.concept", "pk": 6, "fields": {"name": "des larmes dans les yeux", "description": "Vous savez vendre votre entreprise? Apprenez alors à faire regretter leur sort aux gens qui n'y travaillent pas", "proxim_concepts": [], "categories": [2, 3]}}, {"model": "collaborator.project", "pk": 1, "fields": {"name": "coucoutage", "description": "L'objectif est de faire coucou à un maximum de personnes, de façon à muscler de manière intensive et irraisonnée chacun des membres de l'équipe afin de faire d'eux des champions mondiaux intercatégories (bras de fer, tennis, golf...), ce qui serait franchement cool!!!", "state": "très très peu avancé", "values": [1, 2], "category": [1, 3, 4]}}, {"model": "collaborator.project", "pk": 2, "fields": {"name": "Mission X", "description": "L'objectif est d'attirer une étoile à neutrons dans les environs de notre système solaire afin de totalement détruire celui-ci", "state": "En cours de brainsto", "values": [1, 2], "category": [2, 3, 4]}}, {"model": "collaborator.project", "pk": 3, "fields": {"name": "abattage de buissons", "description": "J'ai toujours détesté les buissons", "state": "starting", "values": [], "category": []}}, {"model": "collaborator.project", "pk": 4, "fields": {"name": "confit de canard", "description": "c'est cool", "state": "starting", "values": [], "category": []}}, {"model": "collaborator.project", "pk": 5, "fields": {"name": "Smile to me", "description": "Like the very first smile", "state": "starting", "values": [], "category": []}}, {"model": "collaborator.project", "pk": 6, "fields": {"name": "bisous", "description": "c'est mignon les bisous", "state": "starting", "values": [], "category": []}}, {"model": "collaborator.project", "pk": 7, "fields": {"name": "this is the reason of my life", "description": "My life, oh yeah", "state": "starting", "values": [], "category": [1, 2]}}, {"model": "collaborator.skill", "pk": 1, "fields": {"name": "défrichage de pâquerettes"}}, {"model": "collaborator.skill", "pk": 2, "fields": {"name": "ouverture de tiroirs"}}, {"model": "collaborator.skill", "pk": 3, "fields": {"name": "rasage de dents"}}, {"model": "collaborator.skill", "pk": 4, "fields": {"name": "disparition instantanée"}}, {"model": "collaborator.collaborator", "pk": 1, "fields": {"picture": "", "job": "Boss", "arrival_date": "2020-10-09", "extroversion": 12.0, "conscientiousness": 13.0, "neurotism": 45.0, "opening": 36.0, "pleasantness": 41.0, "hobbies": [1, 2, 3, 4], "skills": [1, 2, 3, 4], "recommended_concepts": [1, 3]}}, {"model": "collaborator.valuelevel", "pk": 1, "fields": {"value_level": 56.0, "value": 1, "collaborator": 1}}, {"model": "collaborator.valuelevel", "pk": 2, "fields": {"value_level": 21.0, "value": 2, "collaborator": 1}}, {"model": "collaborator.valuelevel", "pk": 3, "fields": {"value_level": 99.0, "value": 3, "collaborator": 1}}, {"model": "collaborator.explorationdate", "pk": 1, "fields": {"date": "2020-10-09", "concept": 2, "collaborator": 1}}, {"model": "collaborator.role", "pk": 1, "fields": {"role_name": "chef de section coucou", "project": 1, "collaborator": 1}}, {"model": "collaborator.role", "pk": 2, "fields": {"role_name": "Atomiseur d'astéroïdes", "project": 2, "collaborator": null}}, {"model": "collaborator.role", "pk": 3, "fields": {"role_name": "scruteur de vols d'oies sauvages", "project": 2, "collaborator": null}}, {"model": "collaborator.role", "pk": 5, "fields": {"role_name": "chef de projet", "project": 3, "collaborator": 1}}, {"model": "collaborator.role", "pk": 7, "fields": {"role_name": "chef de projet", "project": 4, "collaborator": 1}}, {"model": "collaborator.role", "pk": 8, "fields": {"role_name": "chef de projet", "project": 5, "collaborator": 1}}, {"model": "collaborator.role", "pk": 9, "fields": {"role_name": "chef de projet", "project": 6, "collaborator": 1}}, {"model": "collaborator.role", "pk": 10, "fields": {"role_name": "chef de projet", "project": 7, "collaborator": 1}}, {"model": "collaborator.task", "pk": 1, "fields": {"description": "encourager les membres à coucouter", "role": 1}}, {"model": "collaborator.task", "pk": 2, "fields": {"description": "fusiller ceux qui tournent la tête lorsqu'on leur fait coucou", "role": 1}}, {"model": "collaborator.candidacy", "pk": 1, "fields": {"role": 3, "collaborator": 1, "description": "Je suis génial"}}]